epoch,time,train/box_loss,train/pose_loss,train/kobj_loss,train/cls_loss,train/dfl_loss,metrics/precision(B),metrics/recall(B),metrics/mAP50(B),metrics/mAP50-95(B),metrics/precision(P),metrics/recall(P),metrics/mAP50(P),metrics/mAP50-95(P),val/box_loss,val/pose_loss,val/kobj_loss,val/cls_loss,val/dfl_loss,lr/pg0,lr/pg1,lr/pg2
1,139.495,inf,4.62099,0.32779,0.17956,0.91415,0.98635,0.98391,0.98984,0.97122,0.69591,0.63412,0.59877,0.40773,0.2474,4.47924,0.36809,0.34945,0.57624,0.00332966,0.00332966,0.00332966
2,271.404,0.1959,4.98819,0.32575,0.18933,0.91616,0.98138,0.97532,0.98998,0.96065,0.68751,0.61373,0.54945,0.35408,0.29686,4.77083,0.37326,0.35292,0.6144,0.00653107,0.00653107,0.00653107
3,401.355,0.22367,5.50215,0.33298,0.21141,0.92765,0.9804,0.98416,0.98901,0.96092,0.68997,0.59835,0.51808,0.27908,0.29675,5.1057,0.38096,0.4112,0.61826,0.00960047,0.00960047,0.00960047
4,531.007,0.24642,5.7522,0.33594,0.23286,0.94022,0.98178,0.98274,0.9896,0.95801,0.6804,0.60587,0.51123,0.28333,0.3117,5.15007,0.38526,0.36607,0.63464,0.009406,0.009406,0.009406
5,660.632,0.25163,5.79944,0.33749,0.23884,0.94325,0.98,0.98212,0.98859,0.95575,0.64903,0.58011,0.48396,0.26168,0.31933,5.20326,0.38657,0.37747,0.63953,0.009208,0.009208,0.009208
6,789.978,0.25058,5.74354,0.33785,0.23909,0.94266,0.98192,0.98247,0.98894,0.96037,0.68667,0.60665,0.53323,0.31102,0.29299,5.06681,0.37828,0.37298,0.60916,0.00901,0.00901,0.00901
7,918.774,0.24642,5.65384,0.33811,0.23303,0.9391,0.98028,0.98355,0.98773,0.95476,0.66141,0.59227,0.48471,0.24415,0.3077,5.15078,0.3782,0.32721,0.63063,0.008812,0.008812,0.008812
8,1047.74,0.24143,5.62053,0.33853,0.23055,0.94002,0.98603,0.97818,0.98782,0.95576,0.67896,0.60662,0.49136,0.2888,0.29649,4.97702,0.37923,0.3572,0.62691,0.008614,0.008614,0.008614
9,1176.23,0.24315,5.59759,0.33463,0.22866,0.93868,0.98186,0.98212,0.98762,0.95502,0.66174,0.59614,0.49361,0.28597,0.311,5.07164,0.37657,0.4131,0.62972,0.008416,0.008416,0.008416
10,1304.86,0.23769,5.56084,0.3322,0.22467,0.9331,0.98254,0.98104,0.98858,0.95861,0.6967,0.62053,0.53879,0.32976,0.29964,4.83176,0.37476,0.38264,0.62184,0.008218,0.008218,0.008218
11,1433.32,0.23713,5.5058,0.33091,0.22511,0.93867,0.98002,0.98212,0.98959,0.95997,0.69644,0.60873,0.54217,0.33874,0.31041,4.87885,0.36846,0.35093,0.6327,0.00802,0.00802,0.00802
12,1561.49,0.2354,5.49206,0.32671,0.22494,0.93642,0.98144,0.98332,0.98882,0.95821,0.72631,0.61874,0.55472,0.35618,0.29947,4.76632,0.36773,0.38991,0.61544,0.007822,0.007822,0.007822
13,1690.45,0.23245,5.39526,0.32533,0.22204,0.93281,0.98273,0.98462,0.98847,0.9581,0.69567,0.61695,0.5401,0.34985,0.30256,4.7401,0.36432,0.4196,0.62903,0.007624,0.007624,0.007624
14,1818.67,0.23213,5.37983,0.32529,0.21924,0.93786,0.98248,0.98297,0.98782,0.95818,0.70341,0.62345,0.54885,0.36825,0.28742,4.67597,0.36252,0.39618,0.61062,0.007426,0.007426,0.007426
15,1946.99,0.22827,5.32794,0.32313,0.21881,0.93266,0.98294,0.98319,0.9892,0.96401,0.69363,0.62375,0.54366,0.36389,0.27687,4.60439,0.35932,0.37718,0.60362,0.007228,0.007228,0.007228
16,2075.06,0.22611,5.2959,0.32159,0.21582,0.93128,0.98005,0.98411,0.98763,0.96144,0.71496,0.62232,0.5621,0.38013,0.27906,4.61641,0.35946,0.37494,0.60594,0.00703,0.00703,0.00703
17,2203.38,0.22526,5.23115,0.32086,0.21311,0.9334,0.98706,0.98176,0.98874,0.96229,0.68619,0.62589,0.55477,0.38075,0.2713,4.52504,0.35131,0.34819,0.60208,0.006832,0.006832,0.006832
18,2332.73,0.22511,5.21138,0.3149,0.21231,0.93279,0.9839,0.98363,0.98858,0.95851,0.68803,0.62232,0.52591,0.3606,0.27897,4.50464,0.3467,0.37168,0.60304,0.006634,0.006634,0.006634
19,2461.84,0.22143,5.14636,0.3142,0.21299,0.92953,0.98562,0.9805,0.98838,0.96072,0.69931,0.62589,0.54927,0.38339,0.27671,4.50864,0.345,0.34781,0.60292,0.006436,0.006436,0.006436
20,2590.66,0.21891,5.13693,0.31092,0.20824,0.92879,0.98186,0.98391,0.98882,0.9621,0.69868,0.62779,0.54117,0.37588,0.26978,4.44633,0.34617,0.36675,0.59561,0.006238,0.006238,0.006238
21,2718.99,0.21668,5.0684,0.30839,0.2067,0.92808,0.98377,0.98426,0.98856,0.96387,0.70953,0.63233,0.57861,0.4143,0.26615,4.38274,0.34116,0.36639,0.5981,0.00604,0.00604,0.00604
22,2847.61,0.2137,5.01538,0.30516,0.20654,0.92659,0.98733,0.9789,0.9893,0.96626,0.70852,0.63115,0.58858,0.43229,0.26227,4.44153,0.3448,0.36244,0.58627,0.005842,0.005842,0.005842
23,2975.96,0.21048,5.00233,0.30741,0.20279,0.92216,0.98217,0.985,0.98855,0.96536,0.70866,0.62768,0.56802,0.41031,0.26024,4.38615,0.33626,0.3525,0.58429,0.005644,0.005644,0.005644
24,3104.73,0.21275,4.98435,0.30572,0.20226,0.92469,0.98603,0.98419,0.98909,0.9637,0.70857,0.63555,0.56578,0.40786,0.2709,4.32322,0.33514,0.34674,0.5965,0.005446,0.005446,0.005446
25,3232.75,0.20697,4.91765,0.30484,0.19994,0.92463,0.98309,0.98176,0.98926,0.96845,0.71043,0.63305,0.57897,0.42777,0.25195,4.29769,0.33289,0.3555,0.58058,0.005248,0.005248,0.005248
26,3360.65,0.2055,4.90713,0.30138,0.19909,0.92014,0.98444,0.98176,0.98882,0.96607,0.70435,0.6377,0.57297,0.42144,0.25306,4.26003,0.33175,0.32131,0.57235,0.00505,0.00505,0.00505
27,3489.39,0.20087,4.87376,0.30008,0.19411,0.9192,0.98526,0.98319,0.98887,0.96773,0.71483,0.6377,0.58846,0.43937,0.24814,4.24165,0.32978,0.33203,0.57622,0.004852,0.004852,0.004852
28,3617.86,0.20075,4.82444,0.29659,0.19262,0.92256,0.98352,0.98462,0.98867,0.96437,0.71366,0.63877,0.5754,0.43449,0.25427,4.23533,0.32846,0.31744,0.57744,0.004654,0.004654,0.004654
29,3746.13,0.2005,4.80122,0.29706,0.19211,0.919,0.98673,0.98372,0.98866,0.96706,0.71884,0.63662,0.58143,0.43647,0.24759,4.20787,0.32638,0.34965,0.57308,0.004456,0.004456,0.004456
30,3874.91,0.19632,4.80002,0.29458,0.18946,0.91716,0.98759,0.98176,0.98893,0.96787,0.71088,0.63698,0.59451,0.45038,0.24962,4.19397,0.32409,0.38847,0.57747,0.004258,0.004258,0.004258
31,4003.99,0.19685,4.73044,0.295,0.18895,0.91652,0.9825,0.98369,0.98847,0.96585,0.6971,0.64284,0.58027,0.44212,0.25187,4.13996,0.32212,0.36349,0.57757,0.00406,0.00406,0.00406
32,4133.45,0.195,4.68387,0.29279,0.18946,0.91869,0.98743,0.98317,0.98865,0.96645,0.7111,0.63805,0.57815,0.44423,0.23735,4.12724,0.3207,0.28876,0.56259,0.003862,0.003862,0.003862
33,4262.04,0.19076,4.64806,0.29087,0.18563,0.91613,0.98497,0.98447,0.98866,0.967,0.7117,0.63922,0.57946,0.44016,0.24445,4.09703,0.31926,0.36019,0.56868,0.003664,0.003664,0.003664
34,4390.13,0.18823,4.64172,0.29221,0.18478,0.91333,0.98213,0.98605,0.98894,0.96825,0.70897,0.64235,0.58346,0.4448,0.23907,4.08224,0.31873,0.34279,0.56485,0.003466,0.003466,0.003466
35,4518.54,0.18877,4.55332,0.28956,0.18493,0.91795,0.98163,0.98677,0.98928,0.96894,0.71424,0.64199,0.58378,0.44111,0.23635,4.06029,0.31731,0.30908,0.55932,0.003268,0.003268,0.003268
36,4647.15,0.18538,4.52074,0.28822,0.18171,0.91232,0.98465,0.98355,0.98923,0.9686,0.71893,0.64378,0.58261,0.4449,0.24073,4.03936,0.31559,0.35605,0.56364,0.00307,0.00307,0.00307
37,4775.44,0.18339,4.50321,0.28774,0.17882,0.91267,0.98509,0.98677,0.9888,0.96817,0.7168,0.64056,0.58832,0.4497,0.2344,4.03535,0.31441,0.32978,0.55943,0.002872,0.002872,0.002872
38,4903.83,0.18355,4.44249,0.28575,0.18046,0.91439,0.98744,0.98388,0.98905,0.96915,0.71699,0.64557,0.57817,0.43793,0.22919,4.00207,0.31193,0.31225,0.55681,0.002674,0.002674,0.002674
39,5032.27,0.18127,4.40976,0.28371,0.17825,0.91041,0.98462,0.98454,0.98899,0.96878,0.71622,0.64735,0.57909,0.44113,0.22665,3.97757,0.31101,0.31314,0.55089,0.002476,0.002476,0.002476
40,5160.57,0.17471,4.33199,0.28156,0.17466,0.9113,0.98347,0.98569,0.98891,0.96999,0.71848,0.64442,0.57992,0.44584,0.22289,3.96306,0.31093,0.31404,0.54955,0.002278,0.002278,0.002278
41,5290.71,0.14572,4.07526,0.30319,0.14261,0.89272,0.98326,0.98713,0.98894,0.97082,0.72237,0.64342,0.58875,0.45128,0.22575,3.95855,0.30638,0.31105,0.55019,0.00208,0.00208,0.00208
42,5419.05,0.14207,3.98967,0.29961,0.13625,0.89162,0.98251,0.98442,0.98942,0.97211,0.71959,0.64798,0.58862,0.45206,0.22848,3.92141,0.30224,0.33423,0.55194,0.001882,0.001882,0.001882
43,5547.19,0.13993,3.95207,0.29634,0.13536,0.88853,0.9832,0.9838,0.98988,0.97234,0.71975,0.64628,0.59628,0.46263,0.22812,3.89959,0.29985,0.34356,0.55269,0.001684,0.001684,0.001684
44,5675.46,0.13808,3.90399,0.29399,0.13363,0.88847,0.98618,0.98104,0.99009,0.97344,0.71713,0.647,0.59773,0.46525,0.22658,3.8754,0.29845,0.35276,0.55213,0.001486,0.001486,0.001486
45,5804.18,0.13413,3.85391,0.29275,0.13077,0.88856,0.98386,0.98462,0.99072,0.97452,0.7139,0.64735,0.59578,0.46458,0.22483,3.8678,0.29657,0.35408,0.54805,0.001288,0.001288,0.001288
46,5932.53,0.12993,3.82701,0.29174,0.12842,0.88337,0.98427,0.98482,0.99045,0.97396,0.71579,0.65021,0.59651,0.46327,0.22141,3.84852,0.29573,0.35045,0.54348,0.00109,0.00109,0.00109
47,6060.38,0.13059,3.76896,0.28975,0.12629,0.88715,0.98697,0.98355,0.99053,0.97326,0.718,0.64914,0.59333,0.45906,0.22092,3.82659,0.29471,0.34271,0.54445,0.000892,0.000892,0.000892
48,6188.16,0.12625,3.72782,0.28964,0.12491,0.88431,0.98538,0.98462,0.99057,0.97313,0.71859,0.65208,0.5937,0.45935,0.22073,3.8099,0.29373,0.33973,0.54419,0.000694,0.000694,0.000694
49,6316.22,0.12511,3.68889,0.28951,0.12336,0.88224,0.9857,0.98631,0.99081,0.97366,0.71921,0.65093,0.59502,0.46206,0.21935,3.79936,0.29304,0.33319,0.54273,0.000496,0.000496,0.000496
50,6445.24,0.12275,3.63604,0.28728,0.1212,0.88219,0.9871,0.98503,0.99109,0.97437,0.71745,0.65093,0.5952,0.46201,0.21722,3.79355,0.29254,0.31862,0.54008,0.000298,0.000298,0.000298
